Job ID,Client ID,Service ID
J01,DE45BV,MO1
J02,DE45BV,WC1
J03,GR67TL,CD1
J04,GR67TL,HT1
J05,GR67TL,LC4
J06,GR67TL,LM1
J07,GR67TL,WC1
J08,HA67JG,LC2
J09,HA67JG,LM1
J10,HA67JG,WC1
J11,HA76JL,LC3
J12,HA76JL,LM1
J13,HU09LD,LM1
J14,HU43CA,MO5
J15,JO03GR,LC3
J16,JO03GR,MO3
J17,KI56HR,HT1
J18,KI56HR,CD1
J19,LA02LH,LC4
J20,LA02LH,MO4
J21,LA02LH,WC1
J22,MA69PC,LC5
J23,MA69PC,HT1
J24,MA69PC,CD1
J25,PE03TH,LM1
J26,PE03TH,WC1
J27,PH10HC,LC5
J28,PH10HC,LM1
J29,PH10HC,WC1
J30,RO12GR,MO5
J31,SA45WR,HT1
J32,SA45WR,CD1
J33,TH98BR,LM1
J34,TH98BR,HT1
J35,TH98BR,CD1
J36,TH98BR,WC1
J37,TR65CB,LC5
J38,TR65CB,MO5
J39,TR65CB,LM1
J40,TR65CB,HT1
J41,TR65CB,CD1
J42,TR65CB,WC1
J43,WA07GL,HT1
J44,WA07GL,CD1
J45,WA90PC,LC3
J46,WA90PC,MO3
J47,WA90PC,LM1
J48,WH96CR,LC2
J49,WH96CR,MO2
J50,WH96CR,HT1
J51,WH96CR,CD1
J52,YE62UR,HT1
J53,YE62UR,CD1
J54,YE62UR,WC1
